2034;;
2033;;
2;18;
1;00;
114;01cc01d3;
129;00002eaf;
131;0c490a0d06530661;
113;01e701e1;
130;0000a09f;
128;00000194;
146;00000000fffc0000;
145;0000000000070000;
147;00000000fffb0000;
148;00000000fff20000;
2;19;
1;00;
114;01cb01d9;
129;00002e9c;
131;0c490a0d06530661;
130;0000a0ba;
113;01ea01e2;
128;00000194;
146;0000000000080000;
145;00000000fffc0000;
147;0000000000000000;
148;0000000000000000;
1;00;
2;1a;
114;01c701d8;
129;00002ea6;
131;0c490a0d06530661;
130;00009b2e;
113;01eb01e0;
128;00000194;
146;000000af00df017d;
145;0000000001020157;
147;0000000000000005;
148;0000000000000006;
2;1b;
1;00;
129;00002e98;
131;0c4b0a0f06530661;
114;01c901da;
130;00009e58;
113;01ed01ea;
128;00000194;
146;000001a9004cffb5;
145;0000015cffec001f;
147;000000cb00000007;
148;0000000000000008;
2;1c;
1;00;
114;01cc01d4;
129;00002e96;
131;0c4d0a1106550661;
130;00009e63;
113;01e701e9;
128;00000194;
146;000000df00c7011f;
145;000000fa008500a6;
147;0000006b0000000e;
148;000000c000000013;
2;1d;
1;00;
129;00002e92;
131;0c4e0a1206550663;
114;01ca01d8;
130;00009c47;
128;00000196;
113;01ea01ed;
146;00000188ffe30008;
145;0000014d006a00b1;
147;000000b80000000f;
148;0000007b00000014;
2;1e;
1;00;
114;01c801db;
129;00002e95;
131;0c500a1406560663;
130;00009f2b;
128;00000199;
113;01e601e4;
146;00000110008300ae;
145;0000016b00210039;
147;000000ca00000013;
148;000000d800000015;
2;1f;
1;00;
129;00002e93;
131;0c510a1506570665;
114;01c501dd;
130;00009c2c;
128;0000019b;
113;01ef01e8;
146;00000157001f002d;
145;00000152002d005a;
147;0000009300000016;
148;0000011f00000018;
2;20;
1;00;
129;00002e95;
131;0c530a1806580667;
114;01c501d5;
130;00009edf;
128;0000019d;
113;01ed01e6;
146;0000014400640099;
145;00000124007400ae;
147;000000ed00000018;
148;0000012d0000001f;
1;00;
2;21;
114;01c401dc;
129;00002e99;
131;0c550a1906590668;
130;00009f15;
128;000001a2;
113;01e401e7;
146;0000014b004d0080;
145;00000163001f0057;
147;0000012500000017;
148;0000016b0000001e;
2;22;
1;00;
129;00002e96;
131;0c570a1a065b066a;
114;01c801de;
130;00009fa1;
128;000001a4;
113;01e101e1;
146;0000015000540072;
145;000001620036003e;
147;000001560000001d;
148;0000017b0000001d;
2;23;
1;00;
114;01c301d9;
129;00002ea4;
131;0c580a1c065d066c;
130;0000a023;
128;000001a4;
113;01e901e9;
146;000001890016003f;
145;000001680012003a;
147;0000016f00000022;
148;0000016d00000018;
2;24;
1;00;
129;00002e99;
131;0c5a0a1e065e066e;
114;01ca01df;
130;0000a043;
128;000001a3;
113;01e801e7;
146;0000018000150049;
145;00000175fff9001d;
147;0000019400000022;
148;000001580000001e;
2;25;
1;00;
114;01c501e1;
129;00002e9f;
131;0c5c0a2006610670;
130;0000a07f;
128;0000019f;
113;01ea01ea;
146;0000015700f2ff21;
145;0000016d00250048;
147;000001910000001d;
148;000001680000001f;
2;26;
1;00;
129;00002e9e;
131;0c5e0a2106630672;
114;01c701df;
130;00009ff2;
128;000001a0;
113;01e101e6;
146;0000007d00020016;
145;0000016e00170049;
147;0000015600000016;
148;0000017f00000026;
2;27;
1;00;
131;0c600a2206640673;
114;01c701d9;
129;00002ea9;
130;00009f4b;
128;000001a6;
113;01e901e2;
146;0000009a0028ffca;
145;000001770013003c;
147;000001120000000b;
148;0000017500000024;
2;28;
1;00;
114;01cb01e4;
129;00002ea4;
131;0c620a2206650675;
130;00009f4b;
128;000001b1;
113;01e801e3;
146;000000c40053ff9c;
145;0000018400040025;
147;000000bc0000000a;
148;0000018b00000026;
2;29;
1;00;
114;01ca01d3;
129;00002e99;
131;0c640a2306660677;
130;0000a06f;
128;000001bd;
113;01e901e9;
146;000000bd007dff8c;
145;00000179001b0033;
147;000000960000000b;
148;000001950000001e;
2;2a;
1;00;
114;01c501db;
129;00002e9f;
131;0c660a2406660679;
130;0000a079;
128;000001c8;
113;01e701e7;
146;0000006600230039;
145;0000017c002a0047;
147;0000009600000010;
148;0000016a0000001e;
2;2b;
1;00;
114;01c501da;
131;0c680a250667067b;
129;00002ea3;
130;0000a008;
128;000001d2;
146;000000bd0033ffd3;
113;01f001e8;
145;0000018200340059;
147;000000c10000000f;
148;0000015d0000001e;
2;2c;
1;00;
114;01ca01d8;
129;00002e98;
131;0c6a0a250668067d;
130;00009f4b;
128;000001db;
146;000000b9004dffc4;
145;00000178004a0097;
113;01e801e5;
147;000000ee00000014;
148;0000017b0000001c;
2;2d;
1;00;
114;01c401d6;
131;0c6c0a260669067f;
129;00002e99;
130;00009e4d;
128;000001e3;
146;00000073009c00c8;
145;00000186006c00ad;
113;01e901e1;
147;000000e30000001a;
148;000001790000001d;
2;2e;
1;00;
114;01c301d8;
131;0c6e0a27066b0681;
129;00002ea6;
130;00009fd2;
128;000001ea;
146;000000f9000a0024;
145;000001a80049007e;
113;01ef01eb;
147;0000013c0000001b;
148;0000017a0000001d;
1;00;
2;2f;
114;01c901d9;
129;00002e99;
131;0c700a28066c0683;
130;00009f3b;
128;000001f1;
146;000000b6007900b4;
145;000001aa00120071;
113;01ea01e5;
147;0000014500000025;
148;0000018c0000001e;
2;30;
1;00;
131;0c720a2a066e0685;
129;00002e9c;
114;01c401cf;
130;0000a043;
128;000001f5;
146;000000f8003d005b;
145;000001bb000c004a;
113;01ec01ea;
147;0000018000000020;
148;0000017d0000001b;
2;31;
1;00;
114;01c501d7;
129;00002e9c;
131;0c740a2b06700686;
130;0000a05e;
128;000001f8;
146;000001260005001f;
145;000001ba0010002e;
113;01f201e1;
147;0000017b00000023;
148;0000016700000019;
2;32;
1;00;
131;0c760a2c06720688;
129;00002ea7;
114;01c501d6;
130;0000a054;
128;000001fa;
146;00000124000a0006;
145;000001ad00140042;
113;01ed01e3;
147;000001a100000026;
148;0000014f0000001b;
2;33;
1;00;
114;01c601dc;
129;00002e9e;
131;0c780a2e0674068a;
130;0000a04e;
128;000001f9;
146;00000122002d0048;
145;000001a5ffe80010;
113;01ee01e7;
147;000001a500000021;
148;0000013e0000001c;
2;34;
1;00;
131;0c7b0a300676068b;
129;00002ea1;
114;01c601d8;
130;0000a07f;
128;000001f9;
146;0000013bfffe002a;
145;00000190fffb000e;
113;01ec01e4;
147;0000018d00000021;
148;0000013000000017;
2;35;
1;00;
131;0c7c0a310678068d;
114;01c601d9;
129;00002ea4;
130;0000a074;
128;000001f8;
146;0000014affe40007;
145;0000017b000b0030;
113;01ed01e4;
147;0000018e00000021;
148;0000011b00000015;
2;36;
1;00;
131;0c7e0a32067a068e;
114;01c701d5;
129;00002eac;
130;0000a064;
128;000001f7;
146;00000127000d002d;
145;000001650014fff7;
113;01f101e7;
147;0000018c0000001f;
148;000000f700000012;
2;37;
1;00;
114;01c801d4;
131;0c800a34067c068f;
129;00002eaa;
130;0000a07f;
128;000001f2;
146;00000141fff80009;
145;0000014ffffe0014;
113;01f501e9;
147;0000017900000019;
148;000000d400000013;
2;38;
1;00;
114;01cc01df;
131;0c810a36067e0690;
129;00002e9c;
130;0000a074;
128;000001ee;
146;00000130000e000e;
145;00000122000e0045;
113;01f701e9;
147;0000015500000016;
148;000000d100000014;
2;39;
1;00;
114;01ca01dc;
131;0c830a3706800691;
129;00002ea4;
130;0000a069;
128;000001eb;
146;00000136fffc0021;
145;000001220018003c;
113;01f701e5;
147;0000015e00000015;
148;000000cd00000013;
2;3a;
1;00;
114;01cb01d9;
129;00002ea1;
131;0c840a3806810692;
130;0000a018;
128;000001e8;
146;0000011e00220041;
145;0000012d00140024;
113;01fd01e8;
147;0000016000000018;
148;000000de00000012;
2;3b;
1;00;
131;0c860a3a06830693;
114;01c401d7;
129;00002e9e;
130;0000a064;
128;000001e4;
146;0000013a00080031;
145;0000013b0005001d;
113;01fd01e6;
147;0000015a00000017;
148;000000d100000011;
2;3c;
1;00;
131;0c870a3c06850694;
114;01c801d9;
129;00002e9b;
130;0000a049;
128;000001e0;
146;000001170034005a;
145;00000129001c003e;
113;01fe01e7;
147;0000016900000019;
148;000000b800000012;
2;3d;
1;00;
114;01c701db;
129;00002e98;
131;0c890a3d06870695;
130;0000a084;
128;000001dc;
146;0000012f00140055;
145;0000010d00260036;
113;01fb01ee;
147;000001640000001d;
148;000000cd00000011;
2;3e;
1;00;
131;0c8a0a3f06890696;
114;01ca01da;
129;00002e99;
130;0000a008;
128;000001d6;
146;000001260032004f;
145;000000fe00420050;
113;01fd01ea;
147;0000015b0000001c;
148;000000b000000013;
2;3f;
1;00;
114;01ca01e0;
129;00002ea3;
131;0c8b0a41068a0697;
130;0000a043;
128;000001d0;
146;0000014d00040026;
145;0000011b00270027;
113;01f401ee;
147;0000015f0000001a;
148;000000be00000014;
2;40;
1;00;
131;0c8d0a42068c0698;
114;01cf01dd;
129;00002e99;
130;00009fd7;
128;000001cd;
146;00000132003e006e;
145;0000011500260049;
113;01ef01f4;
147;000001690000001a;
148;000000e200000015;
2;41;
1;00;
131;0c8e0a44068e0699;
114;01d001d8;
129;00002e9f;
130;0000a06f;
128;000001ca;
146;00000133003a0055;
145;0000012400040026;
113;01e201f1;
147;0000015700000019;
148;000000ea00000013;
2;42;
1;00;
114;01c701e1;
131;0c900a450690069a;
129;00002eac;
130;0000a04e;
128;000001c6;
146;000001430037004c;
145;0000012200110035;
113;01d801f4;
147;0000015e00000016;
148;000000ec00000012;
2;43;
1;00;
114;01cf01df;
129;00002ea6;
131;0c910a470691069c;
130;0000a04e;
128;000001c1;
146;00000157000a003e;
145;0000011000340048;
147;0000017a0000001a;
113;01cb01f2;
148;000000e600000015;
2;44;
1;00;
131;0c920a490693069d;
114;01d001e1;
129;00002eac;
130;0000a074;
128;000001bc;
146;000001630019002f;
145;00000119002f0056;
147;0000017c00000018;
148;000000e900000015;
113;01c101f0;
2;45;
1;00;
131;0c940a4b0695069e;
114;01c901e1;
129;00002ea1;
130;0000a033;
128;000001b7;
146;0000016c00000047;
145;0000011e002e003e;
147;0000017b00000017;
148;0000010600000019;
113;01ad01ec;
2;46;
1;00;
114;01d001e5;
131;0c950a4c0697069f;
129;00002ea1;
130;0000a01e;
128;000001b3;
146;00000181fffe001d;
145;0000012e00180041;
147;0000017e00000019;
148;0000010e00000017;
113;019e01e3;
2;47;
1;00;
114;01ce01e3;
131;0c970a4e069906a1;
129;00002e9e;
130;0000a008;
128;000001b0;
146;0000017cfffb0027;
145;0000013b00150039;
147;000001890000001a;
148;0000012600000017;
113;018c01d4;
2;48;
1;00;
114;01ca01e2;
131;0c990a50069b06a2;
129;00002ea3;
130;0000a05e;
128;000001ac;
146;000001790013002e;
145;0000013e0004001c;
147;0000018100000018;
148;0000010e00000017;
113;017801c4;
2;49;
1;00;
114;01cc01e3;
131;0c9a0a52069d06a4;
129;00002e9e;
130;0000a00d;
128;000001a7;
146;000001960015fff9;
145;0000012b001f0045;
147;000001820000001c;
148;000001230000001a;
2;4a;
1;00;
113;016401b2;
114;01cf01df;
131;0c9c0a54069f06a5;
129;00002e9f;
130;0000a033;
128;000001a4;
146;00000176001f0044;
145;00000133001e0036;
147;000001850000001c;
148;000001320000001a;
2;4b;
1;00;
113;0158019a;
114;01ce01e2;
129;00002ea9;
131;0c9d0a5606a106a7;
130;0000a079;
128;000001a2;
146;0000017e001c003b;
145;0000014a00080015;
147;000001780000001a;
148;0000013800000018;
2;4c;
1;00;
113;0140018d;
131;0c9f0a5806a306a8;
114;01ce01e1;
129;00002e9e;
130;0000a02e;
128;0000019e;
146;0000017500110055;
145;0000013700150039;
147;0000017c0000001e;
148;000001270000001b;
2;4d;
1;00;
113;012a0175;
114;01cf01de;
131;0ca00a5a06a506aa;
129;00002ea6;
130;0000a049;
128;0000019a;
146;0000017e0054ffbb;
145;0000014a00650092;
147;000001860000001b;
148;0000014500000020;
2;4e;
1;00;
131;0ca20a5b06a706ac;
114;01cb01e2;
129;00002ea7;
113;01170162;
130;0000a023;
128;0000019c;
146;0000013d001bfffa;
145;0000017a00280055;
147;0000014c00000014;
148;0000017900000025;
1;00;
2;4f;
114;01ca01e1;
129;00002ea3;
131;0ca40a5d06a806ae;
113;01080157;
130;0000a079;
128;000001a2;
146;0000012e0005001a;
145;0000018f00070035;
147;0000011100000012;
148;0000018600000023;
2;50;
1;00;
131;0ca60a5e06a906b0;
114;01d001de;
129;00002eaa;
130;0000a079;
113;00f50151;
128;000001a8;
146;000001300004000e;
145;0000018700150044;
147;0000010c00000017;
148;0000019700000022;
2;51;
1;00;
131;0ca80a6006ab06b2;
114;01d001de;
129;00002ea6;
130;0000a064;
113;00de0154;
128;000001ae;
146;0000011e003f003e;
145;00000197fffd0021;
147;0000012700000019;
148;0000019100000021;
2;52;
1;00;
131;0caa0a6106ac06b4;
114;01d301de;
129;00002ea9;
130;0000a003;
128;000001b4;
113;00cc0157;
146;000001110037006a;
145;00000195fff20015;
147;0000013200000017;
148;000001700000001e;
2;53;
1;00;
131;0cac0a6306ae06b5;
114;01cb01dd;
129;00002ea6;
130;0000a054;
128;000001b6;
113;00bd0164;
146;0000013200180040;
145;0000017b00110040;
147;0000014800000014;
148;0000015f0000001e;
2;54;
1;00;
114;01cc01dd;
131;0cae0a6406af06b7;
129;00002e9f;
130;00009f30;
128;000001b6;
113;00b20164;
146;0000018300030024;
145;000001530026fff6;
147;0000015400000016;
148;0000015100000016;
2;55;
1;00;
114;01cc01e0;
131;0cb00a6606b106b9;
129;00002e9e;
130;0000a033;
128;000001b4;
113;00b2016c;
146;000001750008002f;
145;0000014a0022ffeb;
147;0000017b0000001a;
148;0000014400000016;
2;56;
1;00;
114;01ce01dc;
131;0cb10a6806b306ba;
129;00002ea7;
130;0000a069;
128;000001af;
113;009c0179;
146;0000016800090031;
145;0000013200b0fef7;
147;0000018300000017;
148;000000fd0000000e;
1;00;
2;57;
114;01c901de;
131;0cb20a6a06b506bb;
129;00002e99;
130;0000a074;
128;000001a6;
113;008c017c;
146;0000018c000fffe5;
145;00000083001c003c;
147;0000018900000015;
148;000000cb0000000d;
2;58;
1;00;
131;0cb20a6c06b706bc;
114;01cf01de;
129;00002e9e;
130;0000a06f;
128;0000019b;
113;0085016e;
146;00000175001efff6;
145;000000830086ff76;
147;0000016e00000015;
148;0000008e0000000a;
2;59;
1;00;
131;0cb30a6e06b906bc;
114;01d401e3;
129;00002e95;
130;0000a043;
128;00000191;
113;00870161;
146;0000015e00280061;
145;000000820027ffee;
147;0000015b0000001a;
148;000000860000000b;
2;5a;
1;00;
131;0cb40a6f06bb06bd;
114;01d301e1;
129;00002ea1;
130;0000a01e;
128;00000184;
113;00870144;
146;0000016000210055;
145;000000790027ffdd;
147;000001650000001c;
148;0000008600000008;
2;5b;
1;00;
114;01d201e4;
131;0cb40a7106bc06be;
129;00002ea6;
130;0000a07f;
128;00000177;
113;008a00d9;
146;000001660039007a;
145;0000009f003bffca;
147;0000016a0000001a;
148;0000006a0000000a;
2;5c;
1;00;
131;0cb50a7306be06be;
114;01d101e4;
129;00002e9c;
130;0000a043;
128;00000169;
113;009000a9;
146;0000016d004e0098;
145;ffffffff00cc0106;
147;0000017b0000001e;
148;0000006a00000011;
2;5d;
1;00;
114;01d001e2;
131;0cb60a7506c006bf;
129;00002e9c;
130;00009f71;
128;0000015d;
146;000001840047006e;
113;00890098;
145;0000007c00380081;
147;000001700000001e;
148;000000ad00000015;
2;5e;
1;00;
131;0cb60a7706c206c0;
114;01d101e4;
129;00002ea9;
130;00009f2b;
128;00000152;
146;000001a200620096;
145;00000081007500bc;
113;008e0083;
147;0000019700000015;
148;000000f700000010;
2;5f;
1;00;
131;0cb70a7906c406c2;
114;01d401e2;
129;00002e9b;
130;00009d3f;
128;00000152;
146;0000013300e700e7;
145;000000d600250042;
113;008b0098;
147;000000a90000ffed;
148;000000ed0000000a;
2;60;
1;00;
114;01d101e3;
131;0cb80a7a06c406c3;
129;00002e99;
130;00009438;
128;0000015e;
146;0000003b01f8022e;
145;000000f3fff3ffe7;
113;00a100a3;
147;ffffff560000fff7;
148;000000890000fffc;
2;61;
1;00;
114;01ce01e0;
131;0cb80a7906c206c3;
129;00002e9b;
130;00008a73;
128;00000163;
146;00000015020101f1;
145;0000003501160152;
113;00900096;
147;000000010000fffe;
148;0000000000000000;
2;62;
1;00;
114;01cb01e4;
131;0cb80a7a06c206c2;
129;00002e99;
130;00008d68;
128;00000165;
146;000002cd0096ff2e;
145;0000007200de00e4;
113;00a400a0;
147;ffffff350000fff5;
148;ffffff3a0000fff8;
2;63;
1;00;
114;01d101d3;
131;0cb90a8106c106c1;
129;00002e93;
130;000099ef;
128;00000168;
146;000002050046008d;
145;0000007200e6011b;
113;00aa0099;
147;ffffff980000fffc;
148;ffffffb100000001;
2;64;
1;00;
114;01d501db;
131;0cb90a8106c106c1;
129;00002e92;
130;00008965;
128;00000169;
146;0000018701140129;
145;0000001301080162;
113;00a600a5;
147;0000000000000009;
148;0000000000000007;
2;65;
1;00;
114;01d101d8;
131;0cb90a8406c106c1;
129;00002e8c;
130;0000988b;
128;00000165;
146;000001bd00a900c6;
145;00000007010a0167;
113;00a90099;
147;000000be0000000c;
148;000000b100000003;
2;66;
1;00;
114;01d401d9;
131;0cb90a8606c306c3;
129;00002e8d;
130;00009664;
128;00000161;
146;0000010c01ce021a;
145;0000000201030171;
113;00a400a3;
147;ffffffff00000007;
148;ffffffff00000001;
2;67;
1;00;
114;01d001d3;
131;0cb90a8706c206c2;
129;00002e99;
130;00008893;
128;0000015e;
146;000000de02460179;
145;000000c100f10131;
113;00b100ab;
147;000000b800000004;
148;ffffff3a00000000;
2;68;
1;00;
114;01ce01d0;
131;0cbb0a8806c406c1;
129;00002e99;
130;000087eb;
128;0000015c;
146;0000018100f6019f;
145;0000012c00c40135;
113;00a400b5;
147;ffffffff0000fffc;
148;ffffff900000fff9;
2;69;
1;00;
114;01c601ce;
131;0cbe0a8d06c406c1;
129;00002e93;
130;000098b1;
128;0000015a;
146;0000028cffbe0009;
145;0000021c009dff4b;
113;008d00a3;
147;ffffff590000fff0;
148;ffffffa10000fff0;
2;6a;
1;00;
114;01d101e3;
131;0cbf0a8e06c206c0;
129;00002e8a;
130;000099ea;
128;00000158;
146;0000017001330171;
145;0000008300f90180;
113;00840079;
147;0000000100000006;
148;000000aa0000000f;
1;00;
2;6b;
114;01ce01e0;
131;0cc00a8f06c206c2;
129;00002ea7;
130;0000966f;
128;00000159;
146;000002950062ffdb;
145;000001fd00a1ff88;
113;00a400c1;
147;ffffffc60000fffb;
148;0000006d00000001;
2;6c;
1;00;
131;0cc40a9506c206c1;
114;01d301d4;
129;00002e9e;
130;00009e07;
128;0000015c;
146;000001e0008500fc;
145;000000c600be00de;
113;009900a0;
147;ffffffeb00000008;
148;0000000000000002;
2;6d;
1;00;
131;0cc30a9506c206c1;
114;01ce01e2;
129;00002e9e;
130;00008d93;
128;00000159;
146;0000016b01120188;
145;00000108006e008d;
113;009f009b;
147;000000970000000c;
148;0000000000000008;
2;6e;
1;00;
114;01ca01d9;
131;0cc60a9706c406c1;
129;00002e95;
130;000096c0;
128;00000155;
146;0000017401160171;
145;0000009300da0134;
113;00a400aa;
147;0000000000000008;
148;000000c500000007;
2;6f;
1;00;
114;01ba01da;
131;0cc50a9906c506c3;
129;00002e9f;
130;00008f73;
128;00000152;
146;00000156014b0170;
145;0000009400f50137;
113;00a700b8;
147;0000008a00000004;
148;0000007100000005;
2;70;
1;00;
114;01aa01cb;
131;0cc60a9c06c506c2;
129;00002e99;
130;0000985a;
128;0000014e;
146;0000033300e1ff37;
145;000000f800880104;
113;00af00b8;
147;000000000000fffb;
148;000000000000fff9;
2;71;
1;00;
114;01aa01cd;
131;0cca0aa006c506c2;
129;00002e9b;
130;00009417;
128;0000014d;
146;0000013e01550144;
145;000000f4008c0095;
113;0090009f;
147;0000000000000001;
148;ffffff3a0000fff9;
2;72;
1;00;
114;01ba01d8;
131;0cca0a9f06c506c1;
129;00002e93;
130;00008c95;
128;00000153;
146;ffffffff01960258;
145;000000cc00ae0114;
113;00ab00a8;
147;ffffff4e00000000;
148;0000008500000001;
2;73;
1;00;
114;01bd01d0;
131;0ccc0a9e06c306c3;
129;00002e98;
130;00008de4;
128;00000155;
146;0000000001930271;
145;00000171ffd3001c;
147;0000000100000002;
148;ffffffff0000ffff;
113;00a600a0;
2;74;
1;00;
114;01ba01d5;
131;0ccd0a9e06c406c2;
129;00002e93;
130;00008b71;
128;00000153;
146;000000a201ee0191;
145;000000d6009e00df;
147;0000000000000001;
148;000000000000000d;
113;00a100aa;
2;75;
1;00;
114;01b301d1;
131;0cce0aa006c406c2;
129;00002e90;
130;00008b4c;
128;00000157;
146;ffffffff01ab02d6;
145;000000f7007600ab;
147;0000000000000004;
148;000000c500000011;
113;00a100ac;
2;76;
1;00;
114;01a701ce;
131;0ccf0aa106c406c4;
129;00002e9e;
130;00008bd3;
128;00000159;
146;0000009a01d701e4;
145;000000ba00cf00ef;
147;000000c500000007;
148;0000006a00000008;
113;00a600b6;
2;77;
1;00;
114;01a701ca;
131;0cd00aa106c506c3;
129;00002e9c;
130;000089bc;
128;00000157;
146;000000760192027b;
145;0000007300ef0175;
147;ffffffff00000014;
148;0000000000000006;
113;00ab00c6;
2;78;
1;00;
114;019b01c4;
131;0ccf0aa306c606c3;
129;00002e96;
130;00008b20;
128;00000150;
146;0000019d015102b4;
145;000000ac00e30181;
147;0000008a0000000c;
148;000000cb00000004;
113;00b300cd;
2;79;
1;00;
114;018e01be;
131;0cd10aa906c606c5;
129;00002e96;
130;00008cc6;
128;0000014a;
146;0000042c00e9fe61;
145;0000000f00ef01b7;
147;0000007f0000fffd;
148;ffffffff0000fffc;
2;7a;
1;00;
113;009d00be;
131;0ccf0aac06c706c4;
114;019401bf;
129;00002e9e;
130;000090d8;
128;00000147;
146;0000018401fe01bd;
145;ffffff7301040162;
147;ffffffff0000fffd;
148;ffffff570000fff6;
2;7b;
1;00;
113;00a500a8;
131;0ccf0aac06c706c3;
114;019e01c5;
129;00002e9b;
130;00008631;
128;00000148;
146;0000003e02e2014a;
145;000000b9009d021b;
147;ffffff330000fffa;
148;000000010000fffe;
2;7c;
1;00;
131;0cd10aab06c506c3;
114;01aa01c6;
113;00b200ba;
129;00002e9e;
130;000082c0;
128;00000149;
146;0000001601eb0289;
145;0000013d00ce0141;
147;0000000100000005;
148;0000000000000005;
2;7d;
1;00;
131;0cd50aab06c506c3;
114;019f01c3;
113;00a600bd;
129;00002ea4;
130;00008470;
128;00000147;
146;00000008024d0175;
145;000002b3010efec9;
147;000000cc0000000a;
148;0000000000000002;
2;7e;
1;00;
131;0cd60aad06c706c3;
114;019601ca;
113;009800bb;
129;00002e9b;
130;0000872e;
128;00000140;
146;00000084022301aa;
145;000000b700d7019c;
147;0000006300000005;
148;000000cc00000010;
2;7f;
1;00;
131;0cd60aae06c706c5;
114;018f01c4;
129;00002e9b;
113;00a500c2;
130;00008b10;
128;00000142;
146;000000d0018c023c;
145;0000010c00c80132;
147;000000be00000019;
148;0000007600000011;
2;80;
1;00;
114;018801bc;
131;0cd80aaf06c806c5;
129;00002e8d;
130;00008eac;
113;00b100d5;
128;0000013b;
146;0000028b00cc0320;
145;000001ec0050ffa3;
147;0000009800000011;
148;000000c900000008;
2;81;
1;00;
131;0cda0ab706c906c6;
114;017101ad;
129;00002e92;
130;0000973c;
113;00a900eb;
128;00000130;
146;000003f80061ffb1;
145;000001eb001f0043;
147;000000e000000003;
148;000000b70000ffff;
2;82;
1;00;
131;0cde0ab906ca06c7;
114;017101b1;
129;00002e8f;
130;00009345;
113;008700dc;
128;0000012a;
146;0000023001ce01cd;
145;0000016e003f0078;
147;ffffffff0000000c;
148;ffffffff00000006;
2;83;
1;00;
114;016901b8;
131;0cde0abc06cb06c6;
129;00002e92;
130;00008ce1;
128;0000012b;
113;008800ed;
146;000002d100ed01a6;
145;000001450014007e;
147;ffffff8f0000fff9;
148;000000c50000000a;
2;84;
1;00;
131;0ce00ac106c906c8;
114;016101ad;
129;00002e96;
130;00009bca;
128;00000130;
113;00920102;
146;000002c6008a0101;
145;000000f100ba010b;
147;000000010000fff8;
148;ffffffff0000fffb;
2;85;
1;00;
114;016101ad;
131;0ce10ac306ca06c7;
129;00002e96;
130;00009737;
128;00000133;
113;00930102;
146;000002d10024001c;
145;000000a50114014c;
147;ffffff300000fff0;
148;000000000000fff6;
2;86;
1;00;
131;0ce10ac606c806c6;
114;016901b4;
129;00002e93;
130;00008d0c;
128;00000139;
113;008200ef;
146;0000021b00d30189;
145;0000000001120156;
147;ffffff850000fff4;
148;ffffff7e0000fffa;
2;87;
1;00;
131;0ce20aca06c806c6;
114;016f01b7;
129;00002e96;
130;00009463;
128;00000141;
113;009300e2;
146;0000018300bc0248;
145;000000b301220140;
147;ffffff4e0000ffeb;
148;000000000000ffff;
2;88;
1;00;
131;0ce40aca06c706c6;
114;017901b3;
129;00002e90;
130;00008d78;
128;00000147;
113;008d00dc;
146;0000012d016c026b;
145;000000e900ff0167;
147;ffffff6e0000fff5;
148;000000000000fffe;
2;89;
1;00;
131;0ce40ace06c606c6;
114;017b01b3;
129;00002e98;
130;00009b23;
128;00000149;
113;009a00df;
146;000002ff0059ff86;
145;000001c3ffeb0067;
147;ffffff360000fff8;
148;000000000000fffc;
2;8a;
1;00;
131;0ce90ad006c506c6;
114;017d01ba;
129;00002e96;
130;00008fb4;
128;0000014a;
113;008d00d5;
146;00000159022301b1;
145;0000015400710093;
147;ffffffff00000000;
148;0000000000000001;
2;8b;
1;00;
131;0ce90ad306c506c6;
114;017801be;
129;00002e92;
130;00009acd;
128;0000014d;
113;008600da;
146;0000020100c5011d;
145;000000c100fb0178;
147;000000000000fffb;
148;000000000000000f;
2;8c;
1;00;
131;0cea0ad506c506c8;
114;017301bb;
129;00002e95;
130;00009dc1;
128;00000153;
146;0000033100a8fefc;
113;008e00e5;
145;00000202006bff74;
147;ffffff410000fff6;
148;000000860000fffc;
2;8d;
1;00;
131;0cec0ad906c406c8;
114;017801c0;
129;00002e95;
130;000096c0;
128;00000155;
146;0000011201fa01ab;
145;000000ce00f20133;
113;008a00d0;
147;ffffff9700000006;
148;ffffff4100000000;
2;8e;
1;00;
131;0ced0ad906c506c6;
114;018701c0;
129;00002e96;
130;00008574;
128;00000156;
146;000000a1026c01ac;
145;0000008b00fa016d;
113;009400c9;
147;0000000000000008;
148;0000000100000000;
2;8f;
1;00;
131;0ced0ad906c606c6;
114;018501be;
129;00002e95;
130;000087fc;
128;00000151;
146;000000c301c10240;
145;00000000010d0159;
113;009400d7;
147;0000008a0000000c;
148;000000c60000000c;
1;00;
2;90;
131;0cee0ada06c606c8;
114;017b01bb;
129;00002e9b;
130;0000867c;
128;0000014e;
146;0000007c01c0022b;
145;0000006b00f2016b;
113;009500e6;
147;000000ca00000016;
148;000000680000000d;
2;91;
1;00;
114;017101b3;
131;0cee0adb06c706c7;
129;00002e99;
130;000086fe;
128;00000148;
146;000001d0013601d3;
145;0000000c00e8018c;
113;00a200f8;
147;000000750000000d;
148;000000a900000005;
2;92;
1;00;
131;0ced0ae006c706c9;
114;016401af;
129;00002e9f;
130;00009412;
128;00000142;
146;0000023f00be0149;
145;0000000400e8018f;
113;009c0118;
147;0000007500000001;
148;ffffffff0000fffe;
2;93;
1;00;
114;015901a5;
131;0ced0ae306c806c8;
129;00002e9e;
130;00008945;
128;0000013f;
146;0000022e0041fcba;
145;ffffff3c01290164;
113;009c010e;
147;000000000000ffec;
148;ffffff640000fff8;
1;00;
2;94;
131;0cec0ae306c706c7;
114;016101b0;
129;00002e9e;
130;000093f2;
128;00000143;
146;000000ca00110057;
145;ffffff90015b00fc;
113;008a0102;
147;ffffff530000ffed;
148;ffffff880000ffef;
1;00;
2;95;
114;017601bc;
131;0ced0ae406c606c7;
129;00002e93;
130;00009417;
128;0000014c;
146;ffffff55018502b5;
145;0000000001050163;
113;009400dd;
147;ffffff7a0000fff0;
148;ffffff680000fffa;
1;00;
2;96;
131;0ced0ae206c506c6;
114;018401bb;
129;00002ea6;
130;0000861b;
128;00000154;
146;ffffff9c01ac0288;
145;000000c600e0019b;
113;009c00d3;
147;ffffff360000fff8;
148;0000000000000001;
1;00;
2;97;
114;018301b7;
131;0cef0ae206c406c6;
129;00002ea4;
130;00008641;
128;00000158;
146;000000cc017d0258;
145;0000036500f7ff10;
113;00ac00de;
147;000000010000fff8;
148;000000000000fffd;
1;00;
2;98;
131;0cf60ae706c506c6;
114;018401bc;
129;00002e9c;
130;00009db6;
128;00000158;
146;0000039e0099fede;
145;00000220007b00dd;
113;008200ca;
147;ffffff4b0000fff9;
148;ffffff350000fffb;
1;00;
2;99;
131;0cf60aea06c306c5;
114;018c01c5;
129;00002e96;
130;00008b9d;
128;0000015b;
146;0000013501590255;
145;000000e100ff0168;
113;007b00b9;
147;0000000100000000;
148;000000ca00000011;
1;00;
2;9a;
131;0cf70aeb06c406c7;
114;019501c6;
129;00002e95;
130;0000890f;
128;00000160;
146;000000ca00f40296;
145;0000020400a500ed;
113;009b00c8;
147;0000000000000010;
148;0000007800000012;
1;00;
2;9b;
131;0cfb0aeb06c406c6;
114;019201bc;
129;00002e9b;
130;00008d01;
128;0000015d;
146;000000e50199024c;
145;0000016700f8017b;
113;00a700dc;
147;000000c400000019;
148;000000b60000000c;
1;00;
2;9c;
131;0cfb0aed06c506c8;
114;018301b7;
129;00002e9b;
130;00008e60;
128;00000154;
146;0000015401c101f5;
145;000002790066ffe9;
113;009c00f8;
147;0000010d00000023;
148;ffffffff0000000d;
1;00;
2;9d;
131;0d000aef06c706c9;
114;017501ac;
129;00002e93;
130;00008d93;
128;00000146;
146;0000023a00d00176;
145;0000016800e500f2;
113;00a30103;
147;0000013700000018;
148;0000008400000005;
1;00;
2;9e;
131;0d000af306c806c9;
114;015a01b4;
129;00002e90;
130;0000954b;
128;00000137;
146;000001ec01500185;
145;0000007e00ed0180;
113;007f011e;
147;0000012a00000016;
148;0000000000000002;
1;00;
2;9f;
131;0d010af606ca06c8;
114;014301a7;
129;00002e98;
130;00008eb6;
128;0000012e;
146;0000023800fd01b0;
145;0000016b00be013f;
113;00910139;
147;000000a800000006;
148;000000ae00000016;
1;00;
2;a0;
131;0d040af806ca06ca;
114;0133019d;
129;00002e95;
130;000098bb;
128;0000012d;
146;0000033c00afff8d;
145;00000231ffe30010;
113;008c0148;
147;000000990000ffff;
148;0000009800000002;
1;00;
2;a1;
131;0d060afe06cb06cb;
114;012001a8;
129;00002e96;
130;000098b1;
128;0000012d;
146;0000019800c20204;
145;0000010100e10194;
113;00860155;
147;ffffff630000fff8;
148;ffffffff0000000d;
1;00;
2;a2;
131;0d070aff06c906cc;
114;013301a0;
129;00002ea1;
130;0000975c;
128;00000131;
146;00000270001affed;
145;0000014400d5015e;
147;000000010000fffa;
113;00a00152;
148;0000008600000003;
1;00;
2;a3;
131;0d090b0106ca06cc;
114;012b01a1;
129;00002eac;
130;00009875;
128;00000133;
146;000000bc00fa02a9;
145;0000014c00ad0113;
147;ffffff2f0000fffe;
148;0000000000000002;
113;009c014e;
1;00;
2;a4;
114;012f01a2;
131;0d0a0b0106c806cb;
129;00002e9f;
130;00008868;
128;00000138;
146;000000640169029e;
145;0000009301040164;
147;ffffff9a00000004;
148;0000000000000003;
113;00a10153;
1;00;
2;a5;
114;012e019c;
131;0d0a0b0206c806cb;
129;00002e9c;
130;00008878;
128;00000138;
146;000000a400f802a0;
145;0000009301040166;
147;0000000000000000;
148;0000000000000000;
113;00af0164;
1;00;
2;a6;
131;0d0b0b0606c806cb;
114;0125019d;
129;00002ea1;
130;00009540;
128;00000136;
146;000003540158fe78;
145;000002b900ebfe93;
147;000000000000ffec;
148;ffffff410000fff7;
113;00820148;
1;00;
2;a7;
131;0d100b0806c706ca;
114;013101a9;
129;00002ea1;
130;000093b6;
128;00000136;
146;000000fb014f018b;
145;000001370098012e;
147;ffffff7a0000fff7;
148;ffffff8a00000001;
2;a8;
1;00;
113;00810138;
131;0d100b0a06c706ca;
114;013c01a5;
129;00002e99;
130;000098a6;
128;0000013f;
146;00000197006a00bf;
145;000001c40036007c;
147;ffffff410000fff6;
148;0000000000000001;
113;00ab014a;
1;00;
2;a9;
131;0d130b0b06c606ca;
114;013301a5;
129;00002e9c;
130;00008df4;
128;00000148;
146;000000bc0252017b;
145;000000f800ce0161;
147;ffffff940000fff1;
148;000000000000fff9;
2;aa;
1;00;
113;00a60142;
114;013b01a5;
131;0d130b0d06c706ca;
129;00002e9b;
130;00009530;
128;0000014a;
146;000002e8012ffe66;
145;000000c000f8017a;
147;ffffff3e0000ffea;
148;ffffff350000fff3;
1;00;
2;ab;
131;0d140b1006c506c9;
113;009a0126;
114;014f01b1;
129;00002e92;
130;0000947e;
128;00000152;
146;ffffffff015001bc;
145;0000011800b4011b;
147;ffffff470000ffe9;
148;000000010000fffd;
1;00;
2;ac;
131;0d160b1006c406c9;
114;016901c1;
113;009b0100;
129;00002ea1;
130;0000977d;
128;0000015f;
146;0000016a009d0103;
145;000000b601190154;
147;ffffff340000fff0;
148;ffffff3b0000fff0;
1;00;
2;ad;
131;0d170b1106c306c8;
114;017d01be;
113;00a100e8;
129;00002e98;
130;000085ea;
128;00000165;
146;ffffffff01ab0251;
145;0000010100da01b5;
147;ffffff340000fff7;
148;0000000100000000;
1;00;
2;ae;
131;0d180b1006c206c8;
114;018301bf;
113;00ae00db;
129;00002e9f;
130;00008a73;
128;0000016a;
146;0000000001a60251;
145;00000262006fff2d;
147;000000010000ffff;
148;000000000000fff8;
1;00;
2;af;
131;0d1d0b1206c206c7;
114;018301b5;
113;009c00e4;
129;00002e9f;
130;00009d7b;
128;00000169;
146;0000029000c2ffa0;
145;0000018b00790096;
147;ffffff350000fffc;
148;ffffff820000fff0;
1;00;
2;b0;
131;0d1d0b1606c106c7;
114;017f01c1;
113;009900cf;
129;00002e9e;
130;00009355;
128;00000168;
146;0000010e013701e0;
145;0000008f00fc016f;
147;000000010000fffb;
148;0000000000000007;
1;00;
2;b1;
114;018901ca;
131;0d1d0b1606c106c7;
129;00002e9f;
113;008100c2;
130;00008bad;
128;00000170;
146;00000127006400ee;
145;000000f500c3019b;
147;000000000000fffe;
148;0000000000000005;
1;00;
2;b2;
114;018901bb;
131;0d200b1906c106c7;
129;00002e9c;
130;00009d04;
113;00a300cd;
128;00000170;
146;0000007101b20206;
145;0000027600b4ff29;
147;ffffff410000fff5;
148;000000000000fffc;
1;00;
2;b3;
114;018f01c1;
131;0d230b1806c006c7;
129;00002e98;
130;00008925;
113;009a00c6;
128;0000016e;
146;00000071015602d9;
145;000000d901010175;
147;0000000100000004;
148;0000002400000007;
1;00;
2;b4;
131;0d230b1906c106c7;
114;018801ce;
129;00002ea1;
130;00008626;
113;009400c7;
128;00000170;
146;00000121018601c1;
145;00000154009500a5;
147;000000000000ffff;
148;0000000d0000000f;
1;00;
2;b5;
114;017f01c3;
131;0d260b1e06c106c9;
129;00002e88;
130;0000951b;
128;00000175;
113;009800d4;
146;000002c30081ff4f;
145;0000013000c5012a;
147;000000000000fffb;
148;000000910000fffb;
1;00;
2;b6;
131;0d260b2006c106c9;
114;018901cd;
129;00002e96;
130;00008e8b;
128;00000178;
113;009300d1;
146;0000014e00ee01a3;
145;0000007a01090155;
147;0000000000000000;
148;ffffff3a0000fffb;
1;00;
2;b7;
131;0d260b2106c106c7;
114;018d01c4;
129;00002e9f;
130;00008c5f;
128;00000177;
113;009f00cc;
146;000000b001d40207;
145;000000ae00c501a6;
147;0000000000000000;
148;ffffff8c0000fffe;
1;00;
2;b8;
131;0d270b2206c106c7;
114;018501bf;
129;00002e9c;
130;000096e6;
128;00000176;
113;00a600d1;
146;0000029b0091ff3d;
145;000000fb01040180;
147;000000000000fffe;
148;000000000000fffb;
1;00;
2;b9;
131;0d2b0b2506c106c7;
114;019001c1;
129;00002e8c;
130;00008996;
128;00000173;
113;008d00cc;
146;000000c801ee01e8;
145;0000024c004effac;
147;0000000000000004;
148;000000000000fffd;
1;00;
2;ba;
131;0d2d0b2506c106c7;
114;019001ce;
129;00002e93;
130;00008976;
128;00000171;
113;008f00b8;
146;00000067016e0242;
145;0000015800aa011f;
147;0000000000000007;
148;0000000000000012;
1;00;
2;bb;
114;018901c1;
131;0d2e0b2606c106c7;
129;00002e90;
130;00009b4e;
128;00000172;
113;00a200e6;
146;000001e5ffc80028;
145;0000027600bcfef5;
147;0000000000000002;
148;000000b800000006;
1;00;
2;bc;
114;018001c7;
131;0d320b2a06c106c9;
129;00002e9e;
130;00009d2f;
128;0000016f;
113;009b00d9;
146;000000bf015f0159;
145;0000012000de0138;
147;000000bf00000007;
148;ffffffff00000007;
1;00;
2;bd;
114;018701c5;
131;0d320b2a06c206c8;
129;00002e9c;
130;000086b8;
128;00000170;
146;000000e3014d0259;
113;009f00d6;
145;000000940107015f;
147;ffffffff0000000c;
148;000000000000000b;
1;00;
2;be;
114;018001c6;
131;0d330b2c06c106c9;
129;00002ea6;
130;0000992d;
128;0000016e;
146;000002e800cdff3d;
145;000000e801340121;
113;00aa00e9;
147;000000cb00000008;
148;000000950000fffe;
1;00;
2;bf;
114;017301b8;
131;0d340b3006c306ca;
129;00002e9f;
130;000093d7;
128;0000016b;
146;0000014b0137015a;
145;000000da010e0158;
113;00b600f3;
147;ffffffff0000ffff;
148;ffffff3a0000fff9;
1;00;
2;c0;
114;017e01bb;
131;0d350b3106c206c8;
129;00002e9b;
130;0000938b;
128;0000016a;
146;0000018b00cb00dc;
145;ffffff55010a0128;
113;009a00e9;
147;0000000000000002;
148;ffffff8c0000fffc;
1;00;
2;c1;
114;017c01be;
131;0d330b3206c206c8;
129;00002ea3;
130;00008f18;
128;00000167;
146;0000008f013c01d8;
145;ffffff9d00de01b8;
113;00ac00ee;
147;0000000000000002;
148;0000000000000002;
1;00;
2;c2;
131;0d330b3206c206c8;
114;017301be;
129;00002e9b;
130;00008c39;
128;00000165;
146;00000068019601c6;
145;0000000000e501a4;
113;00a400ec;
147;0000000000000001;
148;0000000000000000;
1;00;
2;c3;
114;017201c1;
131;0d330b3406c206c8;
129;00002e98;
130;0000982a;
128;00000165;
146;0000028a0032ffaf;
145;00000000015d0100;
113;00a200fa;
147;000000000000fff7;
148;000000000000fffb;
1;00;
2;c4;
131;0d330b3806c206c8;
114;017301bd;
129;00002e9c;
130;00008b05;
128;00000168;
146;000000ee01760201;
145;000000000120013b;
113;00a500ea;
147;ffffff3500000000;
148;0000000000000001;
1;00;
2;c5;
131;0d330b3806c106c8;
114;017c01c2;
129;00002e9b;
130;00008c6f;
128;0000016b;
146;0000009301b0021c;
145;000000000107015b;
113;00aa00e2;
147;ffffff8e00000003;
148;0000000000000000;
2;c6;
1;00;
114;017d01c0;
131;0d330b3706c106c8;
129;00002e9f;
130;000083ef;
128;0000016b;
146;0000006901bc01f4;
145;000000d201080163;
113;00ae00e6;
147;000000cd00000005;
148;0000000000000003;
1;00;
2;c7;
131;0d350b3a06c306c8;
114;017701bb;
129;00002e93;
130;00009711;
128;00000168;
146;000002ef00c2ff40;
145;000000690109015d;
113;009900f8;
147;ffffffff0000ffff;
148;000000000000fffc;
1;00;
2;c8;
131;0d350b3e06c206c8;
114;017501c0;
129;00002e9c;
130;000092c9;
128;00000167;
146;0000016300f601af;
145;000000c500d001ac;
113;00a200e7;
147;000000000000fffd;
148;0000000000000010;
1;00;
2;c9;
131;0d360b3f06c206ca;
114;017701c7;
129;00002e92;
130;00008af5;
128;0000016c;
146;000000dc01910235;
145;000000e500e10196;
113;00a500ea;
147;0000000000000004;
148;0000008000000004;
1;00;
2;ca;
131;0d380b4106c206ca;
114;017201b9;
129;00002e9c;
130;000097f4;
128;0000016b;
146;000002be016efe2d;
145;000001080109015e;
113;00b800fe;
147;000000000000fff3;
148;000000000000fff7;
1;00;
2;cb;
131;0d3b0b4406c206c9;
114;017701b4;
129;00002ea1;
130;00009d5a;
128;0000016c;
146;0000010b00a000e8;
145;0000045c00f1febe;
113;009f00ec;
147;ffffff690000ffee;
148;ffffff3a0000fff1;
1;00;
2;cc;
131;0d420b4406c106c8;
114;017e01c4;
129;00002e9c;
130;00008eb1;
128;0000016f;
146;ffffff5b01ee01a9;
145;000001b0009f0199;
113;009a00cd;
147;ffffff960000fffc;
148;0000000100000000;
1;00;
2;cd;
114;018301c7;
131;0d420b4206c106c8;
129;00002e98;
130;00008440;
128;00000176;
146;000000b20169026f;
145;00000260008d010a;
113;00a800d8;
147;ffffff960000fffb;
148;0000000000000003;
1;00;
2;ce;
114;018001c9;
131;0d470b4506c006c8;
129;00002e98;
130;00009855;
128;0000017a;
146;000002a0ffe9000d;
145;000002f10029ffdf;
113;009e00d7;
147;ffffff360000fff7;
148;000000000000fff8;
1;00;
2;cf;
114;018801cf;
131;0d490b4906bf06c8;
129;00002ea1;
130;00009293;
128;0000017e;
146;000000b301740252;
145;000001bb00f2014b;
113;009c00ce;
147;000000010000fff6;
148;0000000000000005;
1;00;
2;d0;
114;018d01ca;
131;0d4a0b4906bf06c8;
129;00002e99;
130;0000890f;
128;00000183;
146;000000ce01840261;
145;0000012b01140151;
113;00a400cb;
147;0000000000000004;
148;0000000000000002;
1;00;
2;d1;
114;018901c9;
131;0d4b0b4a06bf06c8;
129;00002e95;
130;00009beb;
128;0000017f;
146;000002a1005affc7;
145;000002fc0090ff19;
113;00ae00db;
147;000000000000fff7;
148;000000000000fff4;
1;00;
2;d2;
114;018501c4;
131;0d510b4f06bf06c8;
129;00002e98;
130;00009bdb;
128;0000017b;
146;0000018500f7015d;
145;000001f200720099;
113;009500bd;
147;0000000000000000;
148;ffffff410000fffb;
1;00;
2;d3;
114;019201d2;
131;0d520b4e06bf06c7;
129;00002e95;
130;00008a63;
128;0000017e;
146;0000006b016c02e3;
145;000000dc01030166;
147;ffffff410000fffb;
113;00a400d3;
148;000000010000000c;
1;00;
2;d4;
131;0d530b5006be06c9;
114;018b01cc;
129;00002e99;
130;00009d34;
128;00000183;
146;000002e400a4ff6e;
145;0000031e0124fec9;
147;ffffff930000fff3;
148;000000810000fffd;
113;009b00c7;
1;00;
2;d5;
131;0d580b5506bf06c9;
114;018e01d2;
129;00002e8c;
130;00009c8d;
128;00000187;
146;0000018e00e8013b;
145;0000016100e60129;
147;000000000000fff3;
148;ffffff670000fffd;
113;008700af;
1;00;
2;d6;
114;01a401d5;
131;0d580b5406bd06c7;
129;00002e93;
130;00008976;
128;0000018d;
146;000000f40171029a;
145;000000b800e10196;
147;ffffff8300000001;
148;0000000100000004;
113;009000ac;
1;00;
2;d7;
114;01a401ce;
131;0d5b0b5606bd06c7;
129;00002e96;
130;000086d3;
128;0000018f;
146;000000a301ad021f;
145;000000f100f001cd;
147;0000000000000000;
148;ffffff3d0000fff9;
113;009200af;
1;00;
2;d8;
114;01a201ce;
131;0d5d0b5606be06c6;
129;00002e99;
130;0000891a;
128;0000018b;
146;000000db018b01f9;
145;0000030b0128fed6;
147;000000000000fffe;
148;ffffff8c0000fff5;
113;008000ad;
1;00;
2;d9;
114;01a801d4;
131;0d5f0b5b06be06c6;
129;00002e90;
130;00009baa;
128;0000018a;
146;000000cf0149021e;
145;0000014900db0135;
147;ffffff2e0000fffb;
148;0000000000000000;
1;00;
2;da;
113;008400ad;
114;01b001d4;
131;0d600b5a06bc06c6;
129;00002e9b;
130;00008afb;
128;0000018f;
146;0000009a01cc0208;
145;000001e8fffe007e;
147;000000000000fffb;
148;000000000000000b;
1;00;
2;db;
113;008800af;
114;01af01d6;
131;0d650b5b06bc06c6;
129;00002e9c;
130;00008c19;
128;00000193;
146;00000139010d01aa;
145;000001b1006d00ab;
147;000000000000ffff;
148;0000000000000000;
1;00;
2;dc;
114;01b401dc;
131;0d650b5f06bc06c6;
113;008200ac;
129;00002ea1;
130;000095b7;
128;00000198;
146;0000012801700243;
145;0000011b009700c2;
147;000000000000fff7;
148;000000000000ffff;
1;00;
2;dd;
114;01be01da;
131;0d660b5f06bc06c6;
129;00002e98;
130;0000856e;
128;0000019c;
146;ffffffff019f0272;
145;000000f100f20152;
147;ffffff350000fffe;
148;0000000000000000;
113;008700af;
1;00;
2;de;
114;01c301d7;
131;0d670b5e06bb06c6;
129;00002e9b;
130;0000860b;
128;0000019c;
146;0000000001a40251;
145;0000000000e301cd;
147;000000b400000005;
148;0000000000000002;
1;00;
2;df;
113;008d00b8;
114;01bf01cd;
131;0d680b5f06bd06c6;
129;00002ea1;
130;0000828a;
128;0000019d;
146;0000008401620263;
145;0000009401000171;
147;0000007500000005;
148;0000000000000003;
1;00;
2;e0;
113;009800bc;
131;0d670b6006bd06c6;
114;01c001cc;
129;00002e9f;
130;0000834d;
128;0000019c;
146;ffffffff01c10205;
145;0000000000fd016c;
147;0000000000000007;
148;000000c500000005;
1;00;
2;e1;
131;0d670b6106bc06c8;
114;01b801c9;
113;009800a6;
129;00002e9b;
130;00008563;
128;00000198;
146;000000b601af0289;
145;000000bf0119014e;
147;000000d100000013;
148;ffffffff00000009;
1;00;
2;e2;
131;0d690b6206be06c7;
114;01ac01c9;
113;00a300af;
129;00002e98;
130;000087a0;
128;00000194;
146;0000028b008a021f;
145;00000065012f0117;
147;ffffffff0000000a;
148;0000000000000001;
1;00;
2;e3;
131;0d680b6a06bf06c7;
114;019a01c7;
113;009e00b8;
129;00002e9c;
130;00008ca5;
128;0000018e;
146;00000344002effdc;
145;ffffff4700f001d9;
147;0000007e0000fff6;
148;000000000000fff7;
1;00;
2;e4;
114;01a801c5;
131;0d670b6b06bd06c7;
113;009d00b4;
129;00002e9f;
130;00008a4e;
128;0000018e;
146;000001c2017d0173;
145;ffffff8b01000166;
147;ffffff810000fff5;
148;ffffff3a0000fff7;
1;00;
2;e5;
114;01ae01cd;
131;0d670b6c06bd06c6;
113;008b00a8;
129;00002e93;
130;00008368;
128;0000018e;
146;ffffffad01860254;
145;ffffff9700df01b7;
147;000000000000fff9;
148;ffffff9300000001;
1;00;
2;e6;
114;01b101d5;
131;0d660b6a06be06c6;
113;008800aa;
129;00002ea6;
130;00008500;
128;00000190;
146;ffffffe2018a024e;
145;ffffff9800e8018e;
147;0000000000000003;
148;0000000000000006;
1;00;
2;e7;
114;01b001d5;
131;0d660b6c06be06c6;
113;008c00ae;
129;00002ea1;
130;000083fa;
128;00000191;
146;00000098016b0256;
145;0000000001290127;
147;0000000000000008;
148;000000c600000007;
2;e8;
1;00;
114;01ae01d2;
131;0d660b6b06be06c8;
113;008d00a9;
129;00002ea6;
130;00007d6d;
128;0000018f;
146;000000ca015f02dc;
145;0000000001170133;
147;000000000000000a;
148;0000000400000000;
1;00;
2;e9;
131;0d680b7006bf06c7;
114;01a501cd;
129;00002ea1;
113;009500b7;
130;0000963e;
128;0000018b;
146;0000044100edfec2;
145;000000890116015a;
147;0000008b00000000;
148;000000000000fffc;
1;00;
2;ea;
114;019d01c9;
131;0d670b7606bf06c7;
129;00002eac;
130;00008ca5;
113;009800b2;
128;00000189;
146;000001dc01840236;
145;ffffff39011c019c;
147;000000000000fffb;
148;ffffff3a0000fff7;
1;00;
2;eb;
131;0d660b7506bf06c6;
114;01a601ce;
129;00002ea3;
130;00007270;
113;008e00a3;
128;00000189;
146;000000d800e903b5;
145;fffffffb00b80214;
147;ffffff6700000001;
148;0000000100000004;
1;00;
2;ec;
114;01aa01d2;
131;0d660b7606bd06c6;
129;00002e9f;
130;000071a8;
113;008b00a1;
128;0000018a;
146;0000000000d803b5;
145;0000000000d5016d;
147;000000c70000000c;
148;000000c600000009;
1;00;
2;ed;
131;0d660b7706bf06c8;
114;019f01cd;
129;00002e90;
130;000082fc;
128;00000187;
113;009100b6;
146;0000013a013702dd;
145;000000c000fe016e;
147;000000be0000000b;
148;ffffffff00000005;
1;00;
2;ee;
131;0d680b7c06c006c7;
114;019401cb;
129;00002e9b;
130;00008d2c;
128;00000182;
113;009600ce;
146;000004900249febb;
145;0000006901060169;
147;000000710000ffff;
148;000000000000fff6;
1;00;
2;ef;
114;019001cc;
131;0d660b8006bf06c7;
129;00002e9c;
130;000088ce;
128;00000180;
113;009100bb;
146;000001c401a80218;
145;ffffff8600de0199;
147;0000000000000000;
148;000000000000fffc;
1;00;
2;f0;
131;0d660b8006bf06c7;
114;019d01d0;
129;00002e99;
130;000087e6;
128;00000180;
113;008900ac;
146;0000007701a8023d;
145;0000000000cc01c4;
147;0000000000000004;
148;0000000000000006;
1;00;
2;f1;
131;0d670b8006bf06c7;
114;01a201ce;
129;00002e96;
130;00008671;
128;00000180;
113;009400b6;
146;0000007700a30344;
145;000000b800fd0172;
147;0000000000000009;
148;000000000000000e;
1;00;
2;f2;
114;019701c2;
131;0d680b8106bf06c7;
129;00002e95;
130;000085ea;
128;00000180;
113;00a400ca;
146;0000010501a20231;
145;00000073010d015f;
147;000000cb00000018;
148;000000c50000000f;
1;00;
2;f3;
131;0d690b8306c106c9;
114;019001be;
129;00002ea3;
130;00008373;
128;0000017a;
146;000003060076019b;
113;00a600e1;
145;000000bb0121013e;
147;0000008e00000012;
148;ffffffff00000003;
1;00;
2;f4;
131;0d6a0b8b06c206c8;
114;017e01b0;
129;00002e9e;
130;00009119;
128;00000174;
146;00000298010301dd;
145;000000bb010d0160;
113;00b000f5;
147;000000da00000008;
148;ffffff9200000002;
1;00;
2;f5;
131;0d6b0b8c06c306c9;
114;018201ab;
129;00002e90;
130;00008dff;
128;00000170;
146;000001d801c80184;
145;0000008e01060164;
113;00b100f1;
147;000000710000000a;
148;0000002600000003;
1;00;
2;f6;
131;0d6b0b8d06c306c9;
114;018101a7;
129;00002e9e;
130;00008703;
128;0000016a;
146;00000163013702c2;
145;000000000101016b;
113;00b80103;
147;000000710000000d;
148;0000000e0000000d;
1;00;
2;f7;
131;0d6b0b9006c406c9;
114;017901a8;
129;00002ea6;
130;000091c5;
128;00000167;
146;000001fb012101d1;
145;000000c500ea018c;
113;00c0010d;
147;0000009700000006;
148;0000000500000006;
1;00;
2;f8;
131;0d6c0b9406c506c9;
114;0171019f;
129;00002e9e;
130;000096b5;
128;00000167;
146;00000256007d0134;
145;0000001900e9017a;
113;00bb011c;
147;0000006e0000fffc;
148;ffffffc00000fffe;
1;00;
2;f9;
131;0d6b0b9606c506c9;
114;016b01a1;
129;00002e9f;
130;0000975c;
128;00000167;
146;00000323006dff46;
145;ffffff4a01420110;
113;00b7011f;
147;ffffff390000fff1;
148;ffffffe80000fff5;
1;00;
2;fa;
131;0d6a0b9a06c306c9;
114;017701ab;
129;00002e93;
130;000087bb;
128;0000016a;
146;00000129014d026b;
145;0000000101090161;
113;00ac0104;
147;ffffff300000fff6;
148;ffffff5b0000fff3;
1;00;
2;fb;
131;0d690b9b06c206c8;
114;018201b2;
129;00002e9b;
130;0000915f;
128;0000016b;
146;000001a400ef018f;
145;ffffff7900e001cf;
113;00a400f2;
147;ffffff8a0000fffb;
148;ffffff850000fff7;
1;00;
2;fc;
131;0d690b9b06c206c8;
114;018001b1;
129;00002e95;
130;00008631;
128;00000169;
146;0000010f024201c3;
145;0000000001180143;
113;00a300f4;
147;000000000000ffff;
148;0000000000000000;
1;00;
2;fd;
131;0d690b9f06c206c8;
114;017901ae;
129;00002e9c;
130;000094e5;
128;00000168;
146;0000030f0097ff65;
145;ffffff35011a014c;
113;009b00f6;
147;000000000000fff7;
148;000000000000fff9;
1;00;
2;fe;
114;017d01bc;
131;0d680ba106c206c8;
129;00002e9c;
130;000088ff;
128;00000167;
146;00000141018701a3;
145;ffffff95010e015a;
113;009300e2;
147;0000000000000007;
148;000000000000ffff;
1;00;
2;ff;
131;0d680ba306c206c8;
114;017801ba;
129;00002e9c;
130;000086d8;
128;00000162;
146;000000e0013502de;
145;ffffff9500f70174;
113;00a200ef;
147;000000d00000000c;
148;0000000000000000;
1;00;
2;00;
131;0d670ba306c406c8;
114;017701b8;
129;00002e96;
130;00009432;
128;0000015d;
146;000002e5007bff8e;
145;ffffff3c00cf019c;
113;009d00ee;
147;ffffffff00000004;
148;000000000000fffe;
1;00;
2;01;
131;0d660ba906c406c8;
114;016f01c0;
129;00002e93;
130;0000908c;
128;0000015b;
146;000001d200c8011a;
145;ffffff9500d201ae;
113;009300e6;
147;000000000000ffff;
148;ffffff3b0000ffff;
1;00;
2;02;
131;0d660baa06c406c7;
114;017101c4;
129;00002e9b;
130;0000849c;
128;0000015e;
146;0000009c01720297;
145;000000c601020178;
113;00a100e5;
147;000000000000fffb;
148;ffffff9c00000000;
1;00;
2;03;
131;0d680bac06c406c7;
114;017901b9;
129;00002e9b;
130;00009540;
128;00000160;
146;00000238003900be;
145;0000006c0112015b;
113;00a700e7;
147;0000000000000002;
148;0000000000000002;
1;00;
2;04;
131;0d680baf06c406c7;
114;017701bf;
129;00002ea4;
130;0000869d;
128;0000015f;
146;0000014b012c023f;
145;0000023701080196;
113;00a100e3;
147;0000000000000004;
148;0000000000000003;
1;00;
2;05;
131;0d6f0baf06c406c7;
114;017801c2;
129;00002ea9;
130;00008bb2;
128;0000015f;
146;000000b101860269;
145;000002a400f40179;
113;009400e3;
147;000000000000000f;
148;0000009800000010;
1;00;
2;06;
131;0d710bb006c406c9;
114;016f01c1;
129;00002ea4;
130;00008f63;
128;0000015c;
146;0000021d005300e6;
145;0000016901000165;
113;00a100fe;
147;000000c50000000a;
148;000000c400000005;
1;00;
2;07;
131;0d710bb406c506ca;
114;016501bd;
129;00002e9b;
130;00008ed1;
128;00000158;
146;00000144012b029d;
145;0000010b00e401a0;
113;00b10119;
147;ffffffff00000000;
148;ffffffff0000fffc;
1;00;
2;08;
114;015f01b0;
131;0d720bb606c506c9;
129;00002e9b;
130;00008e25;
128;00000158;
146;0000038000edfe14;
145;0000007e01310129;
113;00b2010a;
147;ffffff3a0000fff2;
148;ffffff3a0000fff2;
1;00;
2;09;
114;016801b4;
131;0d740bba06c306c8;
129;00002e8d;
130;00008cab;
128;0000015d;
146;0000012b00b40273;
145;00000385002effab;
147;ffffff760000ffe5;
113;009100e9;
148;0000000100000003;
1;00;
2;0a;
131;0d790bba06c306c8;
114;017c01c7;
129;00002e96;
130;00009360;
128;00000169;
146;0000010f0140027f;
145;0000018d0100017b;
147;ffffff760000fffd;
148;0000000000000003;
113;009f00d5;
1;00;
2;0b;
131;0d7a0bbb06c206c8;
114;018201c4;
129;00002ea1;
130;000085fb;
128;0000016a;
146;000000a1017b0290;
145;0000016a00f50162;
147;000000000000000a;
148;000000000000000b;
113;00b500eb;
1;00;
2;0c;
131;0d7c0bbc06c206c8;
114;017a01b7;
129;00002e9b;
130;000088a3;
128;00000166;
146;000000bd01910239;
145;0000015c00ee018b;
147;000000cf0000001b;
148;000000c60000000e;
113;00b20104;
1;00;
2;0d;
114;017401a9;
131;0d7e0bbd06c406ca;
129;00002e93;
130;00008c90;
128;00000160;
146;000001d7008400fb;
145;0000031500130054;
147;000000a00000000a;
148;ffffffff00000009;
1;00;
2;0e;
113;00b80122;
114;016b01a4;
131;0d840bc106c506c9;
129;00002e9e;
130;000096aa;
128;0000015a;
146;0000015301910221;
145;000001ef00f20189;
147;0000006b0000000f;
148;000000000000fffa;
113;00ac0121;
1;00;
2;0f;
131;0d840bc206c506c9;
114;015f01a9;
129;00002e99;
130;00008e40;
128;00000150;
146;0000010e01d30241;
145;00000297001e004f;
147;0000006b0000000a;
148;000000000000ffff;
1;00;
2;10;
113;0093011e;
131;0d890bc306c606c9;
114;015501b3;
129;00002e9f;
130;00008bfe;
128;00000147;
146;0000011101750223;
145;0000018a00f80177;
147;0000007700000006;
148;000000000000000d;
1;00;
2;11;
113;00ab013c;
131;0d890bc506c606c9;
114;013e01a7;
129;00002e99;
130;000094ef;
128;00000148;
146;00000225005c0064;
145;00000268002e00d0;
147;000000770000fffa;
148;000000a800000013;
1;00;
2;12;
131;0d8f0bc806c706cb;
114;012b01a8;
113;00a1016b;
129;00002e93;
130;00009c72;
128;0000014b;
146;0000020b00260078;
145;0000020e00420094;
147;ffffff330000fffe;
148;000000a800000004;
1;00;
2;13;
114;011e01a5;
131;0d900bcb06c506cc;
113;00860183;
129;00002e99;
130;00009af8;
128;0000014f;
146;000001e1003e0076;
145;0000012d00bc01c4;
147;000000010000fff5;
148;000000ca0000000e;
1;00;
2;14;
131;0d900bcd06c506cd;
114;012301ab;
129;00002e9e;
130;0000957c;
128;0000015a;
146;000001f3fffa0019;
145;000000f300f40171;
147;ffffff5c0000fffb;
148;ffffffff0000fffc;
113;009f018a;
1;00;
2;15;
131;0d920bd006c406cc;
114;012201a5;
129;00002ea1;
130;00009695;
128;0000015d;
146;0000012e0010002c;
145;000000c5010c0160;
147;ffffff3c0000ffef;
148;000000000000fff4;
1;00;
2;16;
113;00aa0185;
131;0d920bd006c306cc;
114;013201ae;
129;00002e93;
130;000093fc;
128;00000161;
146;0000015a0061ffcd;
145;00000106010e016f;
147;ffffff840000ffe9;
148;ffffff340000ffee;
1;00;
2;17;
113;009c0155;
114;013c01b1;
131;0d950bd406c306cb;
129;00002ea3;
130;00009556;
128;00000165;
146;000000e20052004c;
145;0000010d010a015c;
147;ffffff2b0000ffef;
148;ffffff840000fff1;
1;00;
2;18;
131;0d950bd306c206cb;
114;015701c1;
113;008d012c;
129;00002e87;
130;000091cb;
128;0000016b;
146;0000006f00c6013d;
145;0000006c00f70175;
147;ffffff4a00000003;
148;ffffff650000fff3;
1;00;
2;19;
131;0d960bd306c106ca;
114;015901bc;
113;00b0011c;
129;00002e99;
130;000096fb;
128;00000164;
146;000000a500cf00f6;
145;000001ef005a00fc;
147;0000000100000007;
148;ffffff340000ffef;
1;00;
2;1a;
131;0d9a0bd406c106c9;
114;016401bb;
113;009a0107;
129;00002e9c;
130;00009591;
128;0000015b;
146;000000d1008100af;
145;000001250113015a;
147;0000000000000000;
148;ffffff560000fff4;
1;00;
2;1b;
131;0d9b0bd606c106c8;
114;015c01bc;
113;00a9011b;
129;00002e9b;
130;00009762;
128;00000158;
146;000001870058ffa0;
145;000001af009000c1;
147;000000000000ffef;
148;000000010000fffc;
1;00;
2;1c;
131;0d9d0bd806c106c8;
114;015701b4;
113;00960112;
129;00002e96;
130;00009468;
128;0000015f;
146;000000b3009f0139;
145;0000011e0101016d;
147;ffffff410000ffec;
148;0000000000000003;
2;1d;
1;00;
114;016201ba;
131;0d9e0bd806c006c8;
113;009c010d;
129;00002e9c;
130;0000971c;
128;00000169;
146;00000121fff40001;
145;000000c101150150;
147;ffffff850000ffe9;
148;000000000000fffc;
1;00;
2;1e;
131;0d9f0bda06c006c8;
114;016601ba;
113;00a3010f;
129;00002e9c;
130;000099df;
128;00000173;
146;00000092009000ba;
145;000001fe00030048;
147;fffffed40000ffe5;
148;ffffff3b0000fff3;
1;00;
2;1f;
114;016801c5;
131;0da20bdb06be06c7;
113;009c0105;
129;00002ea1;
130;0000961e;
128;00000180;
146;000001b200daff1b;
145;00000144011d0155;
147;fffffea80000ffe3;
148;000000010000fffe;
1;00;
2;20;
131;0da30bde06bc06c7;
114;017801ce;
113;009600f3;
129;00002ea1;
130;0000988b;
128;00000197;
146;ffffffa30000ffcc;
145;000001130000000a;
147;fffffe7e00330022;
148;ffffff3b00b8fefe;
1;00;
2;21;
131;0da40bda06ba06c6;
114;019201d2;
113;009200cc;
129;00002e9c;
130;000098cc;
128;000001a1;
146;fffffee40000ffd4;
145;ffffff4e0000ffe4;
147;fffffea30004ffed;
148;fffffe640056005f;
1;00;
2;22;
131;0da20bd806b806c3;
114;01bf01df;
113;008400a2;
129;00002eb3;
130;00009de1;
128;000001a0;
146;fffffe100000ffe9;
145;ffffff5b0000fff0;
147;fffffee0003cff93;
148;fffffe930022ffb5;
1;00;
2;23;
131;0da10bd506b706c2;
114;01dc01df;
129;00002e9e;
113;007a0074;
130;00009b94;
128;000001a1;
146;fffffed40000fff8;
145;ffffff8100000000;
147;fffffeb00018ffb9;
148;ffffff1400adff38;
1;00;
2;24;
114;01d201da;
131;0da10bd506b506c1;
129;00002ea6;
130;000099ff;
113;009400a1;
128;000001a4;
146;ffffff3f0000fff4;
145;ffffff3b0000fff9;
147;ffffff01006dff4d;
148;fffffeb00029ff96;
1;00;
2;25;
114;01cf01cf;
131;0da00bd406b406bf;
129;00002e92;
130;00009beb;
113;00750088;
128;000001a0;
146;ffffff570000ffeb;
145;000000010000ffec;
147;fffffebe0019ffbe;
148;fffffe7efff8fffb;
1;00;
2;26;
114;01d301e7;
131;0d9f0bd306b206bd;
129;00002e8f;
130;00009a10;
113;0089008e;
128;0000019f;
146;fffffef90000fff1;
145;ffffff5a0000ffea;
147;fffffe9dffe6ffd4;
148;fffffea6ffebffd4;
1;00;
2;27;
114;01ce01dc;
131;0d9e0bd206b006bb;
129;00002e98;
130;00009db1;
128;0000019f;
113;00a800a4;
146;ffffff4d0000ffe8;
145;ffffff120000ffe4;
147;fffffeb0000bffa6;
148;fffffec70058ff7e;
1;00;
2;28;
114;01cf01de;
131;0d9d0bd006af06ba;
129;00002e99;
130;00009db1;
128;0000019f;
113;00bc00c5;
146;fffffed10000ffe6;
145;fffffec70000ffe6;
147;fffffed10048ff8f;
148;fffffea20037ffb2;
1;00;
2;29;
114;01cf01dd;
131;0d9b0bcf06ad06b8;
129;00002e99;
130;00009dc1;
128;0000019e;
113;00e400c4;
146;fffffeaa0000ffe8;
145;fffffeac0000ffe1;
147;fffffea9000cffb9;
148;fffffea0002affb0;
1;00;
2;2a;
114;01cc01e3;
131;0d990bcd06ac06b6;
129;00002e96;
130;00009df1;
128;0000019d;
113;011f00ef;
146;fffffe9d0000ffe4;
145;fffffe920000ffe3;
147;fffffe97001effcb;
148;fffffe980022ffb9;
1;00;
2;2b;
114;01cd01dc;
131;0d970bcb06aa06b4;
129;00002ea6;
130;00009df1;
128;0000019c;
113;01460106;
146;fffffeb60000ffe0;
145;fffffea40000ffe5;
147;fffffeab002bffbe;
148;fffffe7cffdfffe9;
1;00;
2;2c;
114;01cb01df;
131;0d950bc906a806b2;
129;00002ea3;
130;00009e02;
128;0000019b;
146;fffffe8f0000ffe4;
113;0146011e;
145;fffffe970000ffe4;
147;fffffea70016ffb6;
148;fffffe9a000cffa0;
1;00;
2;2d;
114;01d101df;
131;0d940bc706a606b1;
129;00002e98;
130;00009df1;
128;0000019b;
146;fffffe950000ffe6;
145;fffffe950000ffe2;
113;01490125;
147;fffffe930000ffcf;
148;fffffe8ffff9ffce;
1;00;
2;2e;
114;01cc01dd;
131;0d920bc606a406af;
129;00002e9e;
130;00009e1d;
128;0000019b;
146;fffffea40000ffe6;
145;fffffeae0000ffe3;
113;013c0139;
147;fffffeaa001fffaf;
148;fffffea2001bffbf;
1;00;
2;2f;
114;01cd01db;
131;0d900bc406a306ad;
129;00002ea1;
130;00009e2d;
128;0000019b;
146;fffffe970000ffe6;
145;fffffeb50000ffe5;
113;013f013f;
147;fffffea00015ffcb;
148;fffffe9a000fffcc;
1;00;
2;30;
114;01cc01e1;
131;0d8f0bc206a106ab;
129;00002ea3;
130;00009df1;
128;0000019d;
146;fffffe8e0000ffe5;
145;fffffebb0000ffe6;
113;0141014d;
147;fffffea00003ffbc;
148;fffffeae0024ffa0;
1;00;
2;31;
114;01d101df;
131;0d8d0bc0069f06aa;
129;00002e9b;
130;00009df1;
128;0000019f;
146;fffffe870000ffe7;
145;fffffeb50000ffe3;
113;014a0159;
147;fffffe9a001cffe4;
148;fffffe9e0018ffc4;
1;00;
2;32;
114;01ce01dd;
131;0d8b0bbe069d06a8;
129;00002ea1;
130;00009e27;
128;0000019e;
146;fffffeaf0000ffe2;
145;fffffeaa0000ffe3;
113;01560163;
147;fffffeae0017ffa2;
148;fffffe9c0014ffc7;
1;00;
2;33;
114;01cb01df;
131;0d890bbd069c06a6;
129;00002ea3;
130;00009e32;
128;0000019c;
146;fffffea00000ffe4;
145;fffffe9d0000ffe5;
113;0165016d;
147;fffffea9002fffcf;
148;fffffe9d0005ffc9;
1;00;
2;34;
114;01ce01e1;
131;0d880bbb069a06a4;
129;00002e9f;
130;00009e1d;
128;0000019c;
146;fffffea00000ffe3;
145;fffffe9c0000ffe4;
113;016d0175;
147;fffffe9e0000ffc4;
148;fffffe970004ffd8;
1;00;
2;35;
114;01d101e3;
131;0d860bb9069806a2;
129;00002e98;
130;00009e32;
128;0000019d;
146;fffffea30000ffe2;
145;fffffeb10000ffe3;
113;017b0185;
147;fffffe9c0000ffe5;
148;fffffeaf0000fff1;
1;00;
2;36;
114;01d101e1;
131;0d840bb7069606a1;
129;00002ea6;
130;00009e5d;
128;0000019d;
146;fffffeaa0000ffe5;
145;fffffeae0000ffe4;
113;0188018f;
147;fffffeb40000ffe6;
148;fffffe990000ffe6;
1;00;
2;37;
114;01d101e4;
131;0d830bb60695069f;
129;00002ea3;
130;00009a30;
128;0000019d;
146;fffffea80000ffe7;
145;fffffeb10000ffe5;
113;019c01a0;
147;fffffec0002bff97;
148;fffffef70061003a;
1;00;
2;38;
114;01ce01e0;
131;0d810bb40693069e;
129;00002ea9;
130;00009e5d;
128;000001a2;
146;fffffea80000ffe7;
145;fffffecf0000ffee;
113;01aa01b0;
147;fffffea4002effc7;
148;ffffff69001affbe;
1;00;
2;39;
114;01d201e4;
131;0d800bb20691069d;
129;00002ea3;
130;00009e38;
128;000001a8;
146;fffffeaf0000ffe8;
145;ffffff090000ffec;
113;01af01b5;
147;fffffea60036ffa5;
148;ffffff21fffafff7;
1;00;
2;3a;
114;01ce01e3;
131;0d7f0bb1068f069c;
129;00002eac;
130;00009e1d;
128;000001ae;
146;fffffea40000ffe6;
145;ffffff220000ffed;
113;01bb01c3;
147;fffffe910018ffc2;
148;ffffff35000dffc8;
1;00;
2;3b;
114;01ce01e2;
131;0d7e0baf068e069b;
129;00002e9c;
130;00009e27;
128;000001b4;
146;fffffe880000ffe6;
145;ffffff0b0000ffeb;
113;01c001cf;
147;fffffe840051ff99;
148;ffffff100036ffbd;
1;00;
2;3c;
114;01d001e3;
131;0d7c0bad068c069a;
129;00002eac;
130;00009df1;
128;000001bb;
146;fffffea00000ffe0;
145;ffffff180000ffe9;
113;01ca01e0;
147;fffffe6e001fffbe;
148;ffffff170030ffaa;
1;00;
2;3d;
114;01ca01e2;
131;0d7b0bab068a0699;
129;00002e93;
130;00009df1;
128;000001c1;
146;fffffe7b0000ffe0;
145;fffffef50000ffe7;
113;01d101e7;
147;fffffe72004fffc6;
148;ffffff0e0040ffab;
1;00;
2;3e;
114;01ce01de;
131;0d7a0ba906880697;
129;00002ea7;
130;00009dbb;
128;000001c6;
146;fffffe9a0000ffe0;
145;fffffed60000ffe2;
113;01da01f0;
147;fffffe68001fffbb;
148;fffffeeb001fffc8;
1;00;
2;3f;
114;01ce01e3;
131;0d780ba706860696;
129;00002e93;
130;00009e2d;
128;000001c9;
146;fffffe740000ffe3;
145;fffffebc0000ffe0;
113;01e801ed;
147;fffffe6d0011ffb7;
148;fffffed4ffedffdb;
1;00;
2;40;
114;01cb01e0;
131;0d760ba606840694;
129;00002ea1;
130;00009e5d;
128;000001ca;
146;fffffeb50000ffe6;
145;fffffe940000ffdf;
113;01f301f4;
147;fffffe76001cffb0;
148;fffffec7ffeefff3;
1;00;
2;41;
114;01cb01df;
131;0d740ba406820693;
129;00002e95;
130;00009e3d;
128;000001cc;
146;fffffeb40000ffe7;
145;fffffe920000ffdf;
113;01f801f8;
147;fffffe73fff4ffd7;
148;fffffecc000affd9;
1;00;
2;42;
114;01cd01de;
131;0d730ba206800691;
129;00002ea4;
130;00009e5d;
128;000001ce;
146;fffffe8a0000ffe9;
145;fffffe9f0000ffe3;
147;fffffe75fff9ffdb;
113;01f801f1;
148;fffffecb0012ffd3;
1;00;
2;43;
114;01c901e1;
131;0d710ba0067e0690;
129;00002e9b;
130;00009e4d;
128;000001cf;
146;fffffeb00000ffe7;
145;fffffe9c0000ffe2;
147;fffffe85000effe3;
113;01f601e8;
148;fffffec20012ffc3;
1;00;
2;44;
114;01cb01db;
131;0d6f0b9f067c068e;
129;00002ea7;
130;00009e63;
128;000001cf;
146;fffffeaa0000ffe7;
145;fffffe9c0000ffde;
147;fffffe8cffffffcd;
148;fffffec80020ffa3;
113;01f701e7;
1;00;
2;45;
114;01cd01dd;
131;0d6d0b9d067a068d;
129;00002ea6;
130;00009e1d;
128;000001ce;
146;fffffecb0000ffe9;
145;fffffe8b0000ffde;
147;fffffe9b000fffbb;
113;01ef01e8;
148;fffffeaa0003ffea;
2;46;
1;00;
114;01c801d8;
131;0d6b0b9c0678068b;
129;00002eb3;
130;00009e58;
128;000001cc;
146;fffffebf0000ffe8;
145;fffffe810000ffe1;
147;fffffe9afffeffca;
148;fffffea60012ffd2;
113;01ea01e2;
1;00;
2;47;
131;0d690b9a06770689;
114;01ca01df;
129;00002ea6;
130;00009e68;
128;000001cb;
146;fffffecd0000ffe8;
145;fffffe7d0000ffe2;
147;fffffea7000bffc0;
113;01ec01e1;
148;fffffe93fff2ffe4;
2;48;
1;00;
114;01c901dc;
131;0d670b9906750687;
129;00002eac;
130;00009e6e;
128;000001c9;
146;fffffeb80000ffe6;
145;fffffe850000ffe1;
147;fffffeb9002bffd3;
148;fffffe8f00010017;
1;00;
2;49;
113;01eb01e3;
131;0d660b9706730685;
114;01c601d9;
129;00002e9f;
130;00009e99;
128;000001c5;
146;fffffedb0000ffe6;
145;fffffe720000ffe1;
147;fffffead0006ffd5;
148;fffffead001fffb9;
1;00;
2;4a;
131;0d640b9606710684;
114;01ca01db;
113;01e701e0;
129;00002ea6;
130;00009e89;
128;000001c2;
146;fffffee70000ffeb;
145;fffffe760000ffe3;
147;fffffeaf0014ffe7;
148;fffffea30016ffbb;
1;00;
2;4b;
131;0d620b9406700682;
114;01c501d8;
113;01e801dd;
129;00002ea6;
130;00009e5d;
128;000001c0;
146;fffffed60000ffeb;
145;fffffe930000ffdf;
147;fffffea5fff9ffea;
148;fffffeae002affac;
1;00;
2;4c;
114;01c601da;
131;0d600b93066e0680;
113;01eb01dc;
129;00002eaa;
130;00009e68;
128;000001bd;
146;fffffeda0000ffeb;
145;fffffe800000ffdd;
147;fffffeafffeb002c;
1;00;
2;4d;
114;01c201d7;
131;0d5e0b91066d067e;
113;01e601e2;
129;00002e9f;
130;00009e68;
128;000001b9;
146;fffffee90000ffed;
145;fffffe7b0000ffde;
148;fffffe8b0010ffdf;
147;fffffee30025ffbd;
1;00;
2;4e;
114;01c401d8;
131;0d5c0b90066b067c;
129;00002e9e;
130;00009e89;
128;000001b4;
146;fffffeec0000ffed;
145;fffffe8c0000ffe0;
148;fffffe930006ffcc;
147;fffffee30026ffa1;
113;01e601d8;
1;00;
2;4f;
114;01c201d9;
131;0d5a0b8e066a067b;
129;00002ea4;
130;00009e53;
128;000001b0;
146;fffffeed0000ffe8;
145;fffffe830000ffde;
148;fffffe7effeaffd1;
147;fffffec80011ffc6;
113;01eb01de;
1;00;
2;50;
114;01ca01dc;
131;0d580b8d06680679;
129;00002ea4;
130;00009e58;
128;000001ad;
146;fffffee60000ffe8;
145;fffffe7f0000ffdf;
148;fffffe960015ffb6;
147;fffffedc0032ffa4;
1;00;
2;51;
113;01e701df;
131;0d560b8c06670677;
114;01c401db;
129;00002e9f;
130;00009e53;
128;000001a8;
146;fffffef00000ffe9;
145;fffffe800000ffe1;
148;fffffe810018ffca;
147;fffffeda001bffbf;
1;00;
2;52;
131;0d540b8a06650675;
114;01c801da;
113;01e801de;
